experiment_id,timestamp,template_type,model,first_pass,iterations,errors_found,error_types,final_status,time_seconds,aws_cost_saved,notes
EXP1781688318,2026-06-17 18:25:33,VPC + EC2,Claude,NO,1,1,syntax_error,SUCCESS,15.28,$0.0500,1 iterations — Gate 1+1.5+2 passed
EXP1781688336,2026-06-17 18:26:01,General CFN,Claude,NO,2,2,"runtime_error, syntax_error",SUCCESS,25.58,$0.0500,2 iterations — Gate 1+1.5+2 passed
EXP1781688364,2026-06-17 18:26:34,VPC + EC2,Claude,NO,2,4,"runtime_error, syntax_error",SUCCESS,29.93,$0.0500,2 iterations — Gate 1+1.5+2 passed
EXP1781688397,2026-06-17 18:26:51,VPC + EC2,Claude,NO,1,4,"syntax_error, wrong_value",SUCCESS,13.88,$0.0500,1 iterations — Gate 1+1.5+2 passed
EXP1781688414,2026-06-17 18:27:12,SQS + SNS,Claude,NO,1,1,runtime_error,SUCCESS,18.66,$0.0500,1 iterations — Gate 1+1.5+2 passed
EXP1781688434,2026-06-17 18:27:28,SQS + SNS,Claude,NO,1,1,syntax_error,SUCCESS,13.23,$0.0500,1 iterations — Gate 1+1.5+2 passed
EXP1781688450,2026-06-17 18:27:44,VPC + EC2,Claude,NO,1,4,"syntax_error, wrong_value",SUCCESS,14.24,$0.0500,1 iterations — Gate 1+1.5+2 passed
EXP1781688466,2026-06-17 18:27:55,RDS + VPC,Claude,YES,0,0,None,SUCCESS,8.65,$0.0500,0 iterations — Gate 1+1.5+2 passed
EXP1781688477,2026-06-17 18:28:09,S3 + Lambda,Claude,NO,1,1,syntax_error,SUCCESS,11.98,$0.0500,1 iterations — Gate 1+1.5+2 passed
EXP1781688491,2026-06-17 18:28:19,SQS + SNS,Claude,YES,0,0,None,SUCCESS,8.74,$0.0500,0 iterations — Gate 1+1.5+2 passed
EXP1781688501,2026-06-17 18:28:35,Cognito,Claude,NO,1,3,syntax_error,SUCCESS,13.23,$0.0500,1 iterations — Gate 1+1.5+2 passed
EXP1781688517,2026-06-17 18:28:50,Cognito,Claude,NO,1,1,syntax_error,SUCCESS,13.62,$0.0500,1 iterations — Gate 1+1.5+2 passed
EXP1781688533,2026-06-17 18:29:10,Cognito,Claude,NO,1,1,runtime_error,SUCCESS,17.77,$0.0500,1 iterations — Gate 1+1.5+2 passed
EXP1781688552,2026-06-17 18:29:21,Cognito,Claude,YES,0,0,None,SUCCESS,8.72,$0.0500,0 iterations — unsupported resources noted
EXP1781688563,2026-06-17 18:29:41,Cognito,Claude,NO,1,1,runtime_error,SUCCESS,18.37,$0.0500,1 iterations — Gate 1+1.5+2 passed
EXP1781688583,2026-06-17 18:29:56,Cognito,Claude,NO,1,1,syntax_error,SUCCESS,12.67,$0.0500,1 iterations — Gate 1+1.5+2 passed
EXP1781688598,2026-06-17 18:30:12,Cognito,Claude,NO,1,1,wrong_value,SUCCESS,13.99,$0.0500,1 iterations — Gate 1+1.5+2 passed
EXP1781688614,2026-06-17 18:30:55,RDS + VPC,Claude,NO,3,10,"best_practice, syntax_error, runtime_error, wrong_value",SUCCESS,40.71,$0.0500,3 iterations — Gate 1+1.5+2 passed
EXP1781688657,2026-06-17 18:31:13,Lambda + DynamoDB,Claude,NO,1,10,"syntax_error, wrong_value",SUCCESS,15.6,$0.0500,1 iterations — Gate 1+1.5+2 passed
EXP1781688675,2026-06-17 18:31:40,VPC + EC2,Claude,NO,2,5,"syntax_error, wrong_value, runtime_error",SUCCESS,25.14,$0.0500,2 iterations — Gate 1+1.5+2 passed
EXP1781688702,2026-06-17 18:32:04,VPC + EC2,Claude,NO,2,4,"wrong_value, syntax_error",SUCCESS,21.16,$0.0500,2 iterations — Gate 1+1.5+2 passed
EXP1781688726,2026-06-17 18:32:21,S3 Bucket,Claude,NO,1,6,"syntax_error, wrong_value",SUCCESS,14.9,$0.0500,1 iterations — unsupported resources noted
EXP1781688744,2026-06-17 18:32:50,DynamoDB,Claude,NO,2,5,"syntax_error, runtime_error",SUCCESS,26.06,$0.0500,2 iterations — Gate 1+1.5+2 passed
EXP1781688773,2026-06-17 18:33:02,DynamoDB,Claude,YES,0,0,None,SUCCESS,9.32,$0.0500,0 iterations — Gate 1+1.5+2 passed
EXP1781688785,2026-06-17 18:33:24,DynamoDB,Claude,NO,1,1,runtime_error,SUCCESS,18.61,$0.0500,1 iterations — Gate 1+1.5+2 passed
EXP1781688806,2026-06-17 18:33:53,Lambda + DynamoDB,Claude,NO,2,2,"syntax_error, runtime_error",SUCCESS,26.62,$0.0500,2 iterations — Gate 1+1.5+2 passed
EXP1781688835,2026-06-17 18:34:08,DynamoDB,Claude,NO,1,1,wrong_value,SUCCESS,13.58,$0.0500,1 iterations — Gate 1+1.5+2 passed
EXP1781688851,2026-06-17 18:34:39,VPC + EC2,Claude,NO,3,7,"wrong_value, syntax_error, runtime_error, best_practice",ESCALATED,28.89,$0.0000,Gate 2 escalated
EXP1781688882,2026-06-17 18:35:10,VPC + EC2,Claude,NO,3,5,"runtime_error, syntax_error, best_practice",SUCCESS,28.94,$0.0500,3 iterations — Gate 1+1.5+2 passed
EXP1781688913,2026-06-17 18:35:50,VPC + EC2,Claude,NO,3,4,"syntax_error, best_practice, runtime_error",ESCALATED,37.2,$0.0000,Gate 2 escalated
EXP1781688952,2026-06-17 18:36:27,VPC + EC2,Claude,NO,3,4,"best_practice, runtime_error, syntax_error",SUCCESS,35.44,$0.0500,3 iterations — Gate 1+1.5+2 passed
EXP1781688989,2026-06-17 18:36:49,EC2 + ALB,Claude,NO,2,3,"syntax_error, best_practice",SUCCESS,19.47,$0.0500,2 iterations — Gate 1+1.5+2 passed
EXP1781689011,2026-06-17 18:37:04,ECS + ECR,Claude,NO,1,1,syntax_error,SUCCESS,13.36,$0.0500,1 iterations — Gate 1+1.5+2 passed
EXP1781689027,2026-06-17 18:37:21,ECS + ECR,Claude,NO,1,4,syntax_error,SUCCESS,13.96,$0.0500,1 iterations — Gate 1+1.5+2 passed
EXP1781689043,2026-06-17 18:37:47,ECS + ECR,Claude,NO,2,3,syntax_error,SUCCESS,24.54,$0.0500,2 iterations — Gate 1+1.5+2 passed
EXP1781689069,2026-06-17 18:38:04,ECS + ECR,Claude,NO,1,5,"syntax_error, wrong_value",SUCCESS,14.83,$0.0500,1 iterations — Gate 1+1.5+2 passed
EXP1781689086,2026-06-17 18:38:19,ECS + ECR,Claude,NO,1,3,"wrong_value, syntax_error",SUCCESS,13.19,$0.0500,1 iterations — Gate 1+1.5+2 passed
EXP1781689102,2026-06-17 18:38:37,VPC + EC2,Claude,NO,1,2,syntax_error,SUCCESS,15.06,$0.0500,1 iterations — Gate 1+1.5+2 passed
EXP1781689119,2026-06-17 18:38:52,General CFN,Claude,NO,1,2,"syntax_error, wrong_value",SUCCESS,13.28,$0.0500,1 iterations — Gate 1+1.5+2 passed
EXP1781689135,2026-06-17 18:39:18,ECS + ECR,Claude,NO,2,2,syntax_error,SUCCESS,23.1,$0.0500,2 iterations — Gate 1+1.5+2 passed
EXP1781689160,2026-06-17 18:41:19,ECS + ECR,Claude,NO,2,2,"syntax_error, timeout",SUCCESS,118.37,$0.0500,2 iterations — Gate 1+1.5+2 passed
EXP1781689281,2026-06-17 18:41:30,ECS + ECR,Claude,YES,0,0,None,SUCCESS,9.47,$0.0500,0 iterations — Gate 1+1.5+2 passed
EXP1781689292,2026-06-17 18:41:56,ElastiCache + VPC,Claude,NO,2,3,"syntax_error, best_practice",SUCCESS,23.31,$0.0500,2 iterations — Gate 1+1.5+2 passed
EXP1781689318,2026-06-17 18:42:07,General CFN,Claude,YES,0,0,None,SUCCESS,9.4,$0.0500,0 iterations — Gate 1+1.5+2 passed
EXP1781689330,2026-06-17 18:42:24,General CFN,Claude,NO,1,1,syntax_error,SUCCESS,13.98,$0.0500,1 iterations — Gate 1+1.5+2 passed
EXP1781689346,2026-06-17 18:42:56,General CFN,Claude,NO,2,2,"runtime_error, syntax_error",SUCCESS,29.75,$0.0500,2 iterations — Gate 1+1.5+2 passed
EXP1781689378,2026-06-17 18:43:13,General CFN,Claude,NO,1,1,wrong_value,SUCCESS,14.76,$0.0500,1 iterations — Gate 1+1.5+2 passed
EXP1781689396,2026-06-17 18:43:25,S3 Bucket,Claude,YES,0,0,None,SUCCESS,9.43,$0.0500,0 iterations — Gate 1+1.5+2 passed
EXP1781689407,2026-06-17 18:43:42,General CFN,Claude,NO,1,2,syntax_error,SUCCESS,14.96,$0.0500,1 iterations — Gate 1+1.5+2 passed
EXP1781689425,2026-06-17 18:44:00,General CFN,Claude,NO,1,1,wrong_value,SUCCESS,14.77,$0.0500,1 iterations — Gate 1+1.5+2 passed
EXP1781689442,2026-06-17 18:44:12,S3 + Lambda,Claude,YES,0,0,None,SUCCESS,9.5,$0.0500,0 iterations — Gate 1+1.5+2 passed
EXP1781689454,2026-06-17 18:44:23,General CFN,Claude,YES,0,0,None,SUCCESS,9.31,$0.0500,0 iterations — Gate 1+1.5+2 passed
EXP1781689466,2026-06-17 18:44:36,S3 + Lambda,Claude,YES,0,0,None,SUCCESS,9.57,$0.0500,0 iterations — Gate 1+1.5+2 passed
EXP1781689478,2026-06-17 18:44:54,Step Functions,Claude,NO,1,2,syntax_error,SUCCESS,15.62,$0.0500,1 iterations — Gate 1+1.5+2 passed
EXP1781689497,2026-06-17 18:45:07,S3 + Lambda,Claude,YES,0,0,None,SUCCESS,9.65,$0.0500,0 iterations — Gate 1+1.5+2 passed
EXP1781689509,2026-06-17 18:45:23,Kinesis,Claude,NO,1,2,"syntax_error, wrong_value",SUCCESS,14.2,$0.0500,1 iterations — Gate 1+1.5+2 passed
EXP1781689526,2026-06-17 18:45:42,Kinesis Firehose,Claude,NO,1,2,syntax_error,SUCCESS,15.67,$0.0500,1 iterations — Gate 1+1.5+2 passed
EXP1781689544,2026-06-17 18:46:11,Kinesis Firehose,Claude,NO,2,6,"wrong_value, runtime_error, syntax_error",SUCCESS,27.1,$0.0500,2 iterations — Gate 1+1.5+2 passed
EXP1781689574,2026-06-17 18:47:28,Kinesis Firehose,Claude,NO,1,2,runtime_error,ESCALATED,74.55,$0.0000,Gate 2 escalated
EXP1781689651,2026-06-17 18:48:01,Kinesis Firehose,Claude,NO,2,3,"wrong_value, runtime_error",ESCALATED,29.57,$0.0000,Gate 2 escalated
EXP1781689683,2026-06-17 18:48:41,Kinesis Firehose,Claude,NO,2,2,runtime_error,SUCCESS,37.86,$0.0500,2 iterations — Gate 1+1.5+2 passed
EXP1781689723,2026-06-17 18:49:07,Kinesis Firehose,Claude,NO,1,2,runtime_error,ESCALATED,23.42,$0.0000,Gate 2 escalated
EXP1781689749,2026-06-17 18:49:23,Kinesis,Claude,NO,1,2,syntax_error,SUCCESS,13.92,$0.0500,1 iterations — Gate 1+1.5+2 passed
EXP1781689766,2026-06-17 18:49:47,Kinesis Firehose,Claude,NO,1,2,runtime_error,ESCALATED,21.79,$0.0000,Gate 2 escalated
EXP1781689790,2026-06-17 18:50:14,S3 + Lambda,Claude,NO,2,2,"runtime_error, syntax_error",SUCCESS,24.42,$0.0500,2 iterations — Gate 1+1.5+2 passed
EXP1781689817,2026-06-17 18:50:48,Lambda + DynamoDB,Claude,NO,3,3,"runtime_error, syntax_error",SUCCESS,31.42,$0.0500,3 iterations — Gate 1+1.5+2 passed
EXP1781689851,2026-06-17 18:51:00,S3 + Lambda,Claude,YES,0,0,None,SUCCESS,9.62,$0.0500,0 iterations — unsupported resources noted
EXP1781689863,2026-06-17 18:51:18,S3 + Lambda,Claude,NO,1,1,syntax_error,SUCCESS,14.67,$0.0500,1 iterations — Gate 1+1.5+2 passed
EXP1781689880,2026-06-17 18:51:59,Lambda + SQS,Claude,NO,3,3,"wrong_value, runtime_error",SUCCESS,38.61,$0.0500,3 iterations — Gate 1+1.5+2 passed
EXP1781689921,2026-06-17 18:52:20,Lambda + DynamoDB,Claude,NO,1,7,"syntax_error, wrong_value",SUCCESS,19.23,$0.0500,1 iterations — Gate 1+1.5+2 passed
EXP1781689942,2026-06-17 18:52:41,EC2 + ALB,Claude,NO,1,1,best_practice,SUCCESS,18.11,$0.0500,1 iterations — Gate 1+1.5+2 passed
EXP1781689963,2026-06-17 18:52:57,Lambda + DynamoDB,Claude,YES,0,0,None,SUCCESS,14.19,$0.0500,0 iterations — Gate 1+1.5+2 passed
EXP1781689980,2026-06-17 18:53:13,Lambda + DynamoDB,Claude,YES,0,0,None,SUCCESS,13.11,$0.0500,0 iterations — Gate 1+1.5+2 passed
EXP1781689995,2026-06-17 18:53:35,Lambda + DynamoDB,Claude,NO,1,9,"syntax_error, wrong_value",SUCCESS,19.58,$0.0500,1 iterations — Gate 1+1.5+2 passed
EXP1781690017,2026-06-17 18:53:47,Step Functions,Claude,YES,0,0,None,SUCCESS,9.71,$0.0500,0 iterations — Gate 1+1.5+2 passed
EXP1781690029,2026-06-17 18:54:23,Kinesis,Claude,NO,2,5,"wrong_value, runtime_error, syntax_error",SUCCESS,33.23,$0.0500,2 iterations — Gate 1+1.5+2 passed
EXP1781690065,2026-06-17 18:54:42,RDS + VPC,Claude,YES,0,0,None,SUCCESS,17.2,$0.0500,0 iterations — Gate 1+1.5+2 passed
EXP1781690085,2026-06-17 18:55:17,RDS + VPC,Claude,NO,3,3,"best_practice, syntax_error",SUCCESS,32.13,$0.0500,3 iterations — Gate 1+1.5+2 passed
EXP1781690119,2026-06-17 18:55:43,RDS + VPC,Claude,NO,1,1,syntax_error,SUCCESS,23.83,$0.0500,1 iterations — Gate 1+1.5+2 passed
EXP1781690145,2026-06-17 18:56:10,RDS + VPC,Claude,NO,1,2,wrong_value,SUCCESS,24.37,$0.0500,1 iterations — Gate 1+1.5+2 passed
EXP1781690172,2026-06-17 18:56:37,RDS + VPC,Claude,NO,1,1,wrong_value,SUCCESS,24.75,$0.0500,1 iterations — Gate 1+1.5+2 passed
EXP1781690199,2026-06-17 18:59:29,RDS + VPC,Claude,NO,2,2,"best_practice, timeout",SUCCESS,170.05,$0.0500,2 iterations — Gate 1+1.5+2 passed
EXP1781690373,2026-06-17 18:59:57,RDS + VPC,Claude,NO,1,1,syntax_error,SUCCESS,23.78,$0.0500,1 iterations — Gate 1+1.5+2 passed
EXP1781690400,2026-06-17 19:00:15,RDS + VPC,Claude,YES,0,0,None,SUCCESS,14.96,$0.0500,0 iterations — Gate 1+1.5+2 passed
EXP1781690418,2026-06-17 19:00:48,RDS + VPC,Claude,NO,2,2,"syntax_error, best_practice",SUCCESS,30.0,$0.0500,2 iterations — Gate 1+1.5+2 passed
EXP1781690450,2026-06-17 19:01:48,RDS + VPC,Claude,NO,2,2,"syntax_error, best_practice",SUCCESS,58.33,$0.0500,2 iterations — Gate 1+1.5+2 passed
EXP1781690511,2026-06-17 19:02:50,RDS + VPC,Claude,NO,1,1,best_practice,SUCCESS,58.46,$0.0500,1 iterations — Gate 1+1.5+2 passed
EXP1781690573,2026-06-17 19:03:59,RDS + VPC,Claude,NO,2,2,"best_practice, syntax_error",SUCCESS,65.7,$0.0500,2 iterations — Gate 1+1.5+2 passed
EXP1781690643,2026-06-17 19:04:59,RDS + VPC,Claude,NO,1,1,best_practice,SUCCESS,55.36,$0.0500,1 iterations — Gate 1+1.5+2 passed
EXP1781690703,2026-06-17 19:05:23,S3 + Lambda,Claude,NO,1,1,wrong_value,SUCCESS,19.8,$0.0500,1 iterations — Gate 1+1.5+2 passed
EXP1781690726,2026-06-17 19:05:56,S3 + Lambda,Claude,NO,2,2,"syntax_error, runtime_error",SUCCESS,30.01,$0.0500,2 iterations — Gate 1+1.5+2 passed
EXP1781690759,2026-06-17 19:06:17,S3 + Lambda,Claude,NO,1,3,"wrong_value, syntax_error",SUCCESS,18.59,$0.0500,1 iterations — Gate 1+1.5+2 passed
EXP1781690780,2026-06-17 19:06:51,S3 + Lambda,Claude,NO,2,2,"runtime_error, syntax_error",SUCCESS,31.12,$0.0500,2 iterations — Gate 1+1.5+2 passed
EXP1781690814,2026-06-17 19:07:12,S3 + Lambda,Claude,NO,1,1,wrong_value,SUCCESS,18.25,$0.0500,1 iterations — Gate 1+1.5+2 passed
EXP1781690834,2026-06-17 19:07:44,S3 + Lambda,Claude,NO,2,2,"runtime_error, wrong_value",SUCCESS,29.32,$0.0500,2 iterations — Gate 1+1.5+2 passed
EXP1781690866,2026-06-17 19:08:06,S3 + Lambda,Claude,NO,1,2,wrong_value,SUCCESS,19.35,$0.0500,1 iterations — Gate 1+1.5+2 passed
EXP1781690888,2026-06-17 19:08:32,S3 + Lambda,Claude,NO,2,2,"runtime_error, syntax_error",SUCCESS,23.67,$0.0500,2 iterations — Gate 1+1.5+2 passed
EXP1781690914,2026-06-17 19:08:58,S3 + Lambda,Claude,NO,1,1,runtime_error,SUCCESS,23.75,$0.0500,1 iterations — Gate 1+1.5+2 passed
EXP1781690941,2026-06-17 19:09:27,S3 + Lambda,Claude,NO,2,4,"wrong_value, runtime_error, syntax_error",SUCCESS,25.65,$0.0500,2 iterations — Gate 1+1.5+2 passed
EXP1781690969,2026-06-17 19:09:46,SQS + SNS,Claude,NO,1,1,syntax_error,SUCCESS,16.71,$0.0500,1 iterations — Gate 1+1.5+2 passed
EXP1781690988,2026-06-17 19:10:35,SQS + SNS,Claude,NO,2,2,"wrong_value, runtime_error",SUCCESS,46.35,$0.0500,2 iterations — Gate 1+1.5+2 passed
EXP1781691038,2026-06-17 19:10:55,SQS + SNS,Claude,NO,1,1,wrong_value,SUCCESS,16.92,$0.0500,1 iterations — Gate 1+1.5+2 passed
EXP1781691058,2026-06-17 19:11:18,SQS + SNS,Claude,NO,1,1,runtime_error,SUCCESS,19.96,$0.0500,1 iterations — Gate 1+1.5+2 passed
EXP1781691080,2026-06-17 19:11:35,SQS + SNS,Claude,NO,1,1,syntax_error,SUCCESS,14.97,$0.0500,1 iterations — Gate 1+1.5+2 passed
EXP1781691098,2026-06-17 19:12:08,SQS + SNS,Claude,NO,2,2,"runtime_error, wrong_value",SUCCESS,29.75,$0.0500,2 iterations — Gate 1+1.5+2 passed
EXP1781691131,2026-06-17 19:12:26,Step Functions,Claude,NO,1,2,syntax_error,SUCCESS,15.4,$0.0500,1 iterations — Gate 1+1.5+2 passed
EXP1781691149,2026-06-17 19:13:22,VPC + EC2,Claude,NO,3,3,"runtime_error, best_practice",SUCCESS,53.25,$0.0500,3 iterations — Gate 1+1.5+2 passed
EXP1781691205,2026-06-17 19:14:02,VPC + EC2,Claude,NO,2,3,"runtime_error, best_practice",ESCALATED,37.38,$0.0000,Gate 2 escalated
EXP1781691245,2026-06-17 19:14:57,VPC + EC2,Claude,NO,3,4,"runtime_error, best_practice",ESCALATED,52.41,$0.0000,Gate 2 escalated
EXP1781691299,2026-06-17 19:15:45,VPC + EC2,Claude,NO,3,5,"syntax_error, runtime_error, best_practice",ESCALATED,45.5,$0.0000,Gate 2 escalated
EXP1781691348,2026-06-17 19:16:32,VPC + EC2,Claude,NO,3,3,"syntax_error, best_practice, runtime_error",SUCCESS,44.59,$0.0500,3 iterations — Gate 1+1.5+2 passed
EXP1781691395,2026-06-17 19:17:21,VPC + EC2,Claude,NO,2,3,runtime_error,ESCALATED,46.04,$0.0000,Gate 2 escalated
EXP1781691443,2026-06-17 19:18:14,VPC + EC2,Claude,NO,3,4,"syntax_error, runtime_error, best_practice",ESCALATED,50.64,$0.0000,Gate 2 escalated
EXP1781691497,2026-06-17 19:19:21,VPC + EC2,Claude,NO,3,3,"best_practice, runtime_error",SUCCESS,64.57,$0.0500,3 iterations — Gate 1+1.5+2 passed
EXP1781691564,2026-06-17 19:20:10,VPC + EC2,Claude,NO,3,4,"best_practice, syntax_error, runtime_error",ESCALATED,46.23,$0.0000,Gate 2 escalated
EXP1781691614,2026-06-17 19:20:52,VPC + EC2,Claude,NO,2,3,"best_practice, runtime_error",ESCALATED,38.23,$0.0000,Gate 2 escalated
EXP1782698536,2026-06-29 11:04:14,Lambda + DynamoDB,Claude,NO,1,20,"wrong_value, syntax_error",SUCCESS,117.47,$0.0500,1 iterations — Gate 1+1.5+2 passed
EXP1782705722,2026-06-29 13:02:15,VPC + EC2,Claude,NO,1,1,syntax_error,SUCCESS,13.09,$0.0500,1 iterations — Gate 1+1.5+2 passed
EXP1782705736,2026-06-29 13:02:35,General CFN,Claude,NO,2,2,"runtime_error, syntax_error",SUCCESS,18.53,$0.0500,2 iterations — Gate 1+1.5+2 passed
EXP1782705756,2026-06-29 13:02:57,VPC + EC2,Claude,NO,2,4,"runtime_error, syntax_error",SUCCESS,21.65,$0.0500,2 iterations — Gate 1+1.5+2 passed
EXP1782705778,2026-06-29 13:03:08,VPC + EC2,Claude,NO,1,4,"syntax_error, wrong_value",SUCCESS,9.72,$0.0500,1 iterations — Gate 1+1.5+2 passed
EXP1782705789,2026-06-29 13:03:27,SQS + SNS,Claude,NO,1,1,runtime_error,SUCCESS,18.24,$0.0500,1 iterations — Gate 1+1.5+2 passed
EXP1782705808,2026-06-29 13:03:38,SQS + SNS,Claude,NO,1,1,syntax_error,SUCCESS,9.92,$0.0500,1 iterations — Gate 1+1.5+2 passed
EXP1782705818,2026-06-29 13:03:51,VPC + EC2,Claude,NO,1,4,"syntax_error, wrong_value",SUCCESS,12.57,$0.0500,1 iterations — Gate 1+1.5+2 passed
EXP1782705832,2026-06-29 13:03:59,RDS + VPC,Claude,YES,0,0,None,SUCCESS,6.87,$0.0500,0 iterations — Gate 1+1.5+2 passed
EXP1782705840,2026-06-29 13:04:09,S3 + Lambda,Claude,NO,1,1,syntax_error,SUCCESS,9.78,$0.0500,1 iterations — Gate 1+1.5+2 passed
EXP1782705850,2026-06-29 13:04:17,SQS + SNS,Claude,YES,0,0,None,SUCCESS,6.94,$0.0500,0 iterations — Gate 1+1.5+2 passed
EXP1782705858,2026-06-29 13:04:29,Cognito,Claude,NO,1,3,syntax_error,SUCCESS,11.3,$0.0500,1 iterations — Gate 1+1.5+2 passed
EXP1782705870,2026-06-29 13:04:40,Cognito,Claude,NO,1,1,syntax_error,SUCCESS,9.65,$0.0500,1 iterations — Gate 1+1.5+2 passed
EXP1782705881,2026-06-29 13:04:57,Cognito,Claude,NO,1,1,runtime_error,SUCCESS,16.83,$0.0500,1 iterations — Gate 1+1.5+2 passed
EXP1782705898,2026-06-29 13:05:05,Cognito,Claude,YES,0,0,None,SUCCESS,6.87,$0.0500,0 iterations — unsupported resources noted
EXP1782705906,2026-06-29 13:05:24,Cognito,Claude,NO,1,1,runtime_error,SUCCESS,17.85,$0.0500,1 iterations — Gate 1+1.5+2 passed
EXP1782705925,2026-06-29 13:05:35,Cognito,Claude,NO,1,1,syntax_error,SUCCESS,10.81,$0.0500,1 iterations — Gate 1+1.5+2 passed
EXP1782705936,2026-06-29 13:05:46,Cognito,Claude,NO,1,1,wrong_value,SUCCESS,10.11,$0.0500,1 iterations — Gate 1+1.5+2 passed
EXP1782705947,2026-06-29 13:06:32,RDS + VPC,Claude,NO,3,10,"wrong_value, syntax_error, runtime_error, best_practice",SUCCESS,44.37,$0.0500,3 iterations — Gate 1+1.5+2 passed
EXP1782705992,2026-06-29 13:06:56,Lambda + DynamoDB,Claude,NO,1,10,"syntax_error, wrong_value",SUCCESS,23.96,$0.0500,1 iterations — Gate 1+1.5+2 passed
EXP1782706019,2026-06-29 13:07:21,VPC + EC2,Claude,NO,2,5,"runtime_error, syntax_error, wrong_value",SUCCESS,21.83,$0.0500,2 iterations — Gate 1+1.5+2 passed
EXP1782706042,2026-06-29 13:07:39,VPC + EC2,Claude,NO,2,4,"syntax_error, wrong_value",SUCCESS,17.45,$0.0500,2 iterations — Gate 1+1.5+2 passed
EXP1782706060,2026-06-29 13:07:51,S3 Bucket,Claude,NO,1,6,"wrong_value, syntax_error",SUCCESS,11.19,$0.0500,1 iterations — unsupported resources noted
EXP1782706072,2026-06-29 13:08:12,DynamoDB,Claude,NO,2,5,"runtime_error, syntax_error",SUCCESS,19.39,$0.0500,2 iterations — Gate 1+1.5+2 passed
EXP1782706092,2026-06-29 13:08:19,DynamoDB,Claude,YES,0,0,None,SUCCESS,6.89,$0.0500,0 iterations — Gate 1+1.5+2 passed
EXP1782706100,2026-06-29 13:08:38,DynamoDB,Claude,NO,1,1,runtime_error,SUCCESS,17.47,$0.0500,1 iterations — Gate 1+1.5+2 passed
EXP1782706119,2026-06-29 13:08:58,Lambda + DynamoDB,Claude,NO,2,2,"syntax_error, runtime_error",SUCCESS,19.49,$0.0500,2 iterations — Gate 1+1.5+2 passed
EXP1782706139,2026-06-29 13:09:11,DynamoDB,Claude,NO,1,1,wrong_value,SUCCESS,11.75,$0.0500,1 iterations — Gate 1+1.5+2 passed
EXP1782706151,2026-06-29 13:09:40,VPC + EC2,Claude,NO,3,7,"runtime_error, best_practice, wrong_value, syntax_error",ESCALATED,28.86,$0.0000,Gate 2 escalated
EXP1782706181,2026-06-29 13:10:04,VPC + EC2,Claude,NO,3,5,"runtime_error, syntax_error, best_practice",SUCCESS,22.65,$0.0500,3 iterations — Gate 1+1.5+2 passed
EXP1782706205,2026-06-29 13:10:31,VPC + EC2,Claude,NO,3,3,"syntax_error, runtime_error, best_practice",SUCCESS,26.21,$0.0500,3 iterations — Gate 1+1.5+2 passed
EXP1782706232,2026-06-29 13:10:57,VPC + EC2,Claude,NO,3,4,"best_practice, runtime_error, syntax_error",SUCCESS,25.0,$0.0500,3 iterations — Gate 1+1.5+2 passed
EXP1782706257,2026-06-29 13:11:14,EC2 + ALB,Claude,NO,2,3,"best_practice, syntax_error",SUCCESS,16.26,$0.0500,2 iterations — Gate 1+1.5+2 passed
EXP1782706275,2026-06-29 13:11:24,ECS + ECR,Claude,NO,1,1,syntax_error,SUCCESS,9.82,$0.0500,1 iterations — Gate 1+1.5+2 passed
EXP1782706285,2026-06-29 13:11:35,ECS + ECR,Claude,NO,1,4,syntax_error,SUCCESS,9.78,$0.0500,1 iterations — Gate 1+1.5+2 passed
EXP1782706296,2026-06-29 13:12:02,ECS + ECR,Claude,NO,2,3,"runtime_error, syntax_error",SUCCESS,26.5,$0.0500,2 iterations — Gate 1+1.5+2 passed
EXP1782706324,2026-06-29 13:12:17,ECS + ECR,Claude,NO,1,5,"syntax_error, wrong_value",SUCCESS,13.79,$0.0500,1 iterations — Gate 1+1.5+2 passed
EXP1782706338,2026-06-29 13:12:32,ECS + ECR,Claude,NO,2,5,"syntax_error, wrong_value",SUCCESS,13.95,$0.0500,2 iterations — Gate 1+1.5+2 passed
EXP1782706353,2026-06-29 13:12:45,VPC + EC2,Claude,NO,1,2,syntax_error,SUCCESS,11.66,$0.0500,1 iterations — Gate 1+1.5+2 passed
EXP1782706365,2026-06-29 13:12:56,General CFN,Claude,NO,1,2,"wrong_value, syntax_error",SUCCESS,10.86,$0.0500,1 iterations — Gate 1+1.5+2 passed
EXP1782706377,2026-06-29 13:13:15,ECS + ECR,Claude,NO,2,2,syntax_error,SUCCESS,18.18,$0.0500,2 iterations — Gate 1+1.5+2 passed
EXP1782706396,2026-06-29 13:15:17,ECS + ECR,Claude,NO,2,2,"syntax_error, timeout",SUCCESS,121.01,$0.0500,2 iterations — Gate 1+1.5+2 passed
EXP1782706519,2026-06-29 13:15:28,ECS + ECR,Claude,YES,0,0,None,SUCCESS,8.84,$0.0500,0 iterations — Gate 1+1.5+2 passed
EXP1782706529,2026-06-29 13:16:05,ElastiCache + VPC,Claude,NO,2,3,"best_practice, syntax_error",SUCCESS,35.74,$0.0500,2 iterations — Gate 1+1.5+2 passed
EXP1782706566,2026-06-29 13:16:14,General CFN,Claude,YES,0,0,None,SUCCESS,7.86,$0.0500,0 iterations — Gate 1+1.5+2 passed
EXP1782706576,2026-06-29 13:16:28,General CFN,Claude,NO,1,1,syntax_error,SUCCESS,11.49,$0.0500,1 iterations — Gate 1+1.5+2 passed
EXP1782706590,2026-06-29 13:16:52,General CFN,Claude,NO,2,2,"syntax_error, runtime_error",SUCCESS,21.11,$0.0500,2 iterations — Gate 1+1.5+2 passed
EXP1782706613,2026-06-29 13:17:08,General CFN,Claude,NO,1,1,wrong_value,SUCCESS,14.83,$0.0500,1 iterations — Gate 1+1.5+2 passed
EXP1782706630,2026-06-29 13:17:27,S3 Bucket,Claude,NO,1,1,runtime_error,SUCCESS,16.89,$0.0500,1 iterations — Gate 1+1.5+2 passed
EXP1782706649,2026-06-29 13:17:43,General CFN,Claude,NO,1,2,syntax_error,SUCCESS,14.29,$0.0500,1 iterations — Gate 1+1.5+2 passed
EXP1782706665,2026-06-29 13:17:58,General CFN,Claude,NO,1,1,wrong_value,SUCCESS,13.15,$0.0500,1 iterations — Gate 1+1.5+2 passed
EXP1782706680,2026-06-29 13:18:10,S3 + Lambda,Claude,YES,0,0,None,SUCCESS,10.18,$0.0500,0 iterations — Gate 1+1.5+2 passed
EXP1782706693,2026-06-29 13:18:21,General CFN,Claude,YES,0,0,None,SUCCESS,8.41,$0.0500,0 iterations — Gate 1+1.5+2 passed
EXP1782706703,2026-06-29 13:18:31,S3 + Lambda,Claude,YES,0,0,None,SUCCESS,8.39,$0.0500,0 iterations — Gate 1+1.5+2 passed
EXP1782706713,2026-06-29 13:18:48,Step Functions,Claude,NO,1,2,syntax_error,SUCCESS,14.62,$0.0500,1 iterations — Gate 1+1.5+2 passed
EXP1782706730,2026-06-29 13:18:58,S3 + Lambda,Claude,YES,0,0,None,SUCCESS,8.46,$0.0500,0 iterations — Gate 1+1.5+2 passed
EXP1782706740,2026-06-29 13:19:13,Kinesis,Claude,NO,1,2,"wrong_value, syntax_error",SUCCESS,13.03,$0.0500,1 iterations — Gate 1+1.5+2 passed
EXP1782706755,2026-06-29 13:19:34,Kinesis Firehose,Claude,NO,1,2,syntax_error,SUCCESS,18.7,$0.0500,1 iterations — Gate 1+1.5+2 passed
EXP1782706776,2026-06-29 13:20:03,Kinesis Firehose,Claude,NO,2,6,"syntax_error, runtime_error, wrong_value",SUCCESS,26.48,$0.0500,2 iterations — Gate 1+1.5+2 passed
EXP1782706805,2026-06-29 13:21:14,Kinesis Firehose,Claude,NO,1,2,runtime_error,ESCALATED,69.34,$0.0000,Gate 2 escalated
EXP1782706878,2026-06-29 13:21:42,Kinesis Firehose,Claude,NO,2,3,"runtime_error, wrong_value",ESCALATED,23.8,$0.0000,Gate 2 escalated
EXP1782706904,2026-06-29 13:22:20,Kinesis Firehose,Claude,NO,2,2,runtime_error,SUCCESS,35.74,$0.0500,2 iterations — Gate 1+1.5+2 passed
EXP1782706942,2026-06-29 13:22:41,Kinesis Firehose,Claude,NO,1,2,runtime_error,ESCALATED,19.16,$0.0000,Gate 2 escalated
EXP1782706963,2026-06-29 13:22:59,Kinesis,Claude,NO,1,2,syntax_error,SUCCESS,15.47,$0.0500,1 iterations — Gate 1+1.5+2 passed
EXP1782706981,2026-06-29 13:23:32,Kinesis Firehose,Claude,NO,1,1,runtime_error,SUCCESS,30.87,$0.0500,1 iterations — Gate 1+1.5+2 passed
EXP1782707014,2026-06-29 13:23:56,S3 + Lambda,Claude,NO,2,2,"syntax_error, runtime_error",SUCCESS,22.25,$0.0500,2 iterations — Gate 1+1.5+2 passed
EXP1782707038,2026-06-29 13:24:19,Lambda + DynamoDB,Claude,NO,2,2,"syntax_error, runtime_error",SUCCESS,21.67,$0.0500,2 iterations — Gate 1+1.5+2 passed
EXP1782707061,2026-06-29 13:24:32,S3 + Lambda,Claude,YES,0,0,None,SUCCESS,10.2,$0.0500,0 iterations — unsupported resources noted
EXP1782707073,2026-06-29 13:24:47,S3 + Lambda,Claude,NO,1,1,syntax_error,SUCCESS,13.46,$0.0500,1 iterations — Gate 1+1.5+2 passed
EXP1782707089,2026-06-29 13:25:25,Lambda + SQS,Claude,NO,3,3,"runtime_error, wrong_value",SUCCESS,35.75,$0.0500,3 iterations — Gate 1+1.5+2 passed
EXP1782707127,2026-06-29 13:25:44,Lambda + DynamoDB,Claude,NO,1,7,"wrong_value, syntax_error",SUCCESS,17.33,$0.0500,1 iterations — Gate 1+1.5+2 passed
EXP1782707146,2026-06-29 13:25:59,EC2 + ALB,Claude,NO,1,1,best_practice,SUCCESS,12.77,$0.0500,1 iterations — Gate 1+1.5+2 passed
EXP1782707163,2026-06-29 13:26:12,Lambda + DynamoDB,Claude,YES,0,0,None,SUCCESS,8.69,$0.0500,0 iterations — Gate 1+1.5+2 passed
EXP1782707174,2026-06-29 13:26:22,Lambda + DynamoDB,Claude,YES,0,0,None,SUCCESS,8.27,$0.0500,0 iterations — Gate 1+1.5+2 passed
EXP1782707184,2026-06-29 13:26:39,Lambda + DynamoDB,Claude,NO,1,9,"wrong_value, syntax_error",SUCCESS,15.35,$0.0500,1 iterations — Gate 1+1.5+2 passed
EXP1782707201,2026-06-29 13:26:50,Step Functions,Claude,YES,0,0,None,SUCCESS,8.78,$0.0500,0 iterations — Gate 1+1.5+2 passed
EXP1782707212,2026-06-29 13:27:10,Kinesis,Claude,NO,2,5,"syntax_error, wrong_value, best_practice",SUCCESS,18.05,$0.0500,2 iterations — Gate 1+1.5+2 passed
EXP1782707232,2026-06-29 13:27:22,RDS + VPC,Claude,YES,0,0,None,SUCCESS,9.95,$0.0500,0 iterations — Gate 1+1.5+2 passed
EXP1782707244,2026-06-29 13:28:43,RDS + VPC,Claude,NO,3,3,"syntax_error, best_practice",SUCCESS,79.29,$0.0500,3 iterations — Gate 1+1.5+2 passed
EXP1782707326,2026-06-29 13:29:04,RDS + VPC,Claude,NO,1,1,syntax_error,SUCCESS,17.84,$0.0500,1 iterations — Gate 1+1.5+2 passed
EXP1782707346,2026-06-29 13:29:25,RDS + VPC,Claude,NO,1,2,wrong_value,SUCCESS,19.42,$0.0500,1 iterations — Gate 1+1.5+2 passed
EXP1782707367,2026-06-29 13:29:45,RDS + VPC,Claude,NO,1,1,wrong_value,SUCCESS,18.38,$0.0500,1 iterations — Gate 1+1.5+2 passed
EXP1782707387,2026-06-29 13:30:31,RDS + VPC,Claude,NO,1,1,best_practice,SUCCESS,44.2,$0.0500,1 iterations — Gate 1+1.5+2 passed
EXP1782707433,2026-06-29 13:30:52,RDS + VPC,Claude,NO,1,1,syntax_error,SUCCESS,18.3,$0.0500,1 iterations — Gate 1+1.5+2 passed
EXP1782707454,2026-06-29 13:31:04,RDS + VPC,Claude,YES,0,0,None,SUCCESS,9.86,$0.0500,0 iterations — Gate 1+1.5+2 passed
EXP1782707466,2026-06-29 13:31:55,RDS + VPC,Claude,NO,2,2,"syntax_error, best_practice",SUCCESS,49.15,$0.0500,2 iterations — Gate 1+1.5+2 passed
EXP1782707517,2026-06-29 13:32:45,RDS + VPC,Claude,NO,2,2,"syntax_error, best_practice",SUCCESS,47.27,$0.0500,2 iterations — Gate 1+1.5+2 passed
EXP1782707567,2026-06-29 13:33:26,RDS + VPC,Claude,NO,1,1,best_practice,SUCCESS,39.17,$0.0500,1 iterations — Gate 1+1.5+2 passed
EXP1782707609,2026-06-29 13:37:23,RDS + VPC,Claude,NO,4,5,"syntax_error, runtime_error, timeout, best_practice",ESCALATED,234.1,$0.0000,Gate 2 escalated
EXP1782707845,2026-06-29 13:38:05,RDS + VPC,Claude,NO,1,1,best_practice,SUCCESS,39.36,$0.0500,1 iterations — Gate 1+1.5+2 passed
EXP1782707887,2026-06-29 13:38:22,S3 + Lambda,Claude,NO,1,1,wrong_value,SUCCESS,15.21,$0.0500,1 iterations — Gate 1+1.5+2 passed
EXP1782707904,2026-06-29 13:38:47,S3 + Lambda,Claude,NO,2,2,"syntax_error, runtime_error",SUCCESS,22.51,$0.0500,2 iterations — Gate 1+1.5+2 passed
EXP1782707929,2026-06-29 13:39:01,S3 + Lambda,Claude,NO,1,3,"syntax_error, wrong_value",SUCCESS,12.24,$0.0500,1 iterations — Gate 1+1.5+2 passed
EXP1782707943,2026-06-29 13:39:28,S3 + Lambda,Claude,NO,2,2,"syntax_error, runtime_error",SUCCESS,24.59,$0.0500,2 iterations — Gate 1+1.5+2 passed
EXP1782707970,2026-06-29 13:39:43,S3 + Lambda,Claude,NO,1,1,wrong_value,SUCCESS,13.05,$0.0500,1 iterations — Gate 1+1.5+2 passed
EXP1782707985,2026-06-29 13:40:08,S3 + Lambda,Claude,NO,2,2,"runtime_error, wrong_value",SUCCESS,23.44,$0.0500,2 iterations — Gate 1+1.5+2 passed
EXP1782708010,2026-06-29 13:40:25,S3 + Lambda,Claude,NO,1,2,wrong_value,SUCCESS,14.38,$0.0500,1 iterations — Gate 1+1.5+2 passed
EXP1782708027,2026-06-29 13:41:00,S3 + Lambda,Claude,NO,2,2,"syntax_error, runtime_error",SUCCESS,33.01,$0.0500,2 iterations — Gate 1+1.5+2 passed
EXP1782708062,2026-06-29 13:41:19,S3 + Lambda,Claude,NO,1,1,runtime_error,SUCCESS,17.07,$0.0500,1 iterations — Gate 1+1.5+2 passed
EXP1782708081,2026-06-29 13:41:44,S3 + Lambda,Claude,NO,2,4,"syntax_error, wrong_value, runtime_error",SUCCESS,23.32,$0.0500,2 iterations — Gate 1+1.5+2 passed
EXP1782708106,2026-06-29 13:42:03,SQS + SNS,Claude,NO,1,1,syntax_error,SUCCESS,16.88,$0.0500,1 iterations — Gate 1+1.5+2 passed
EXP1782708128,2026-06-29 13:42:35,SQS + SNS,Claude,NO,2,2,"wrong_value, runtime_error",SUCCESS,26.87,$0.0500,2 iterations — Gate 1+1.5+2 passed
EXP1782708157,2026-06-29 13:42:49,SQS + SNS,Claude,NO,1,1,wrong_value,SUCCESS,12.42,$0.0500,1 iterations — Gate 1+1.5+2 passed
EXP1782708171,2026-06-29 13:43:12,SQS + SNS,Claude,NO,1,1,runtime_error,SUCCESS,20.42,$0.0500,1 iterations — Gate 1+1.5+2 passed
EXP1782708195,2026-06-29 13:43:28,SQS + SNS,Claude,NO,1,1,syntax_error,SUCCESS,13.79,$0.0500,1 iterations — Gate 1+1.5+2 passed
EXP1782708211,2026-06-29 13:44:02,SQS + SNS,Claude,NO,2,2,"wrong_value, runtime_error",SUCCESS,30.55,$0.0500,2 iterations — Gate 1+1.5+2 passed
EXP1782708246,2026-06-29 13:44:20,Step Functions,Claude,NO,1,2,syntax_error,SUCCESS,13.63,$0.0500,1 iterations — Gate 1+1.5+2 passed
EXP1782708262,2026-06-29 13:45:03,VPC + EC2,Claude,NO,3,3,"best_practice, runtime_error",SUCCESS,41.05,$0.0500,3 iterations — Gate 1+1.5+2 passed
EXP1782708306,2026-06-29 13:45:43,VPC + EC2,Claude,NO,2,3,"best_practice, runtime_error",ESCALATED,37.1,$0.0000,Gate 2 escalated
EXP1782708346,2026-06-29 13:46:25,VPC + EC2,Claude,NO,3,4,"best_practice, runtime_error",ESCALATED,39.86,$0.0000,Gate 2 escalated
EXP1782708388,2026-06-29 13:47:07,VPC + EC2,Claude,NO,3,5,"runtime_error, syntax_error, best_practice",ESCALATED,39.06,$0.0000,Gate 2 escalated
EXP1782708430,2026-06-29 13:47:46,VPC + EC2,Claude,NO,3,3,"best_practice, syntax_error, runtime_error",SUCCESS,35.87,$0.0500,3 iterations — Gate 1+1.5+2 passed
EXP1782708470,2026-06-29 13:48:28,VPC + EC2,Claude,NO,2,3,runtime_error,ESCALATED,38.36,$0.0000,Gate 2 escalated
EXP1782708572,2026-06-29 13:50:16,VPC + EC2,Claude,NO,3,4,"best_practice, runtime_error",ESCALATED,43.38,$0.0000,Gate 2 escalated
EXP1782708618,2026-06-29 13:50:58,VPC + EC2,Claude,NO,3,4,"syntax_error, runtime_error, best_practice",ESCALATED,39.87,$0.0000,Gate 2 escalated
EXP1782708663,2026-06-29 13:51:57,VPC + EC2,Claude,NO,2,3,"best_practice, runtime_error",ESCALATED,54.29,$0.0000,Gate 2 escalated
